start,end,comment 1,comment 2,"selected (1: Yes, 2: Maybe)",adjusted,interval 2 start,interval 2 end
2022-12-30/18:00:00,2023-01-02/02:01:10,,,1,1,,
2023-01-03/04:00:30,2023-01-05/16:24:55,,,0,,,
2023-01-07/07:15:15,2023-01-09/04:18:45,,,1,1,,
2023-01-10/04:20:30,2023-01-12/18:05:55,,,1,1,,
2023-01-14/01:45:40,2023-01-15/19:15:50,,,1,1,,
2023-01-18/08:00:00,2023-01-19/07:00:30,,,2,1,,
2023-01-20/17:40:15,2023-01-23/02:00:00,,,1,1,,
2023-01-24/06:30:00,2023-01-26/19:30:55,,,1,1,,
2023-01-28/00:00:30,2023-01-30/00:00:45,,,1,1,,
2023-01-31/22:50:00,2023-02-01/16:00:00,,,2,1,2023-02-01/21:50:00,2023-02-02/17:00:00
2023-02-04/05:30:00,2023-02-05/16:15:20,,,1,1,,
2023-02-07/07:00:00,2023-02-09/18:30:15,,,1,1,,
2023-02-10/19:00:00,2023-02-13/00:00:00,,,1,1,,
2023-02-15/05:30:00,2023-02-15/22:00:30,,,1,1,,
2023-02-18/04:00:00,2023-02-19/19:30:00,,no fpi,1,1,,
2023-02-22/02:30:00,2023-02-22/20:00:00,,,1,1,,
2023-02-24/17:00:00,2023-02-27/14:51:45,,,0,,,
2023-02-28/23:30:15,2023-03-01/09:00:00,,,1,1,,
2023-03-04/08:00:00,2023-03-06/00:00:00,,,1,1,,
2023-03-08/13:00:00,2023-03-09/04:30:00,,,1,1,,
2023-03-10/21:40:00,2023-03-12/04:00:00,,,1,1,,
2023-03-14/11:30:00,2023-03-15/04:00:00,,,1,1,2023-03-15/12:45:00,2023-03-16/00:00:00
2023-03-19/02:30:00,2023-03-20/02:00:00,,,1,1,,
2023-03-21/23:15:00,2023-03-22/20:40:00,,,1,1,,
2023-03-24/18:49:10,2023-03-27/13:00:00,,,0,,,
2023-03-28/11:30:00,2023-03-28/21:30:00,,,1,1,2023-03-29/16:30:00,2023-03-29/22:45:00
2023-04-01/00:30:00,2023-04-02/19:30:00,,,1,1,,
2023-04-05/01:40:00,2023-04-06/12:00:00,Need to exclude a foreshock wave period,,1,1,,
2023-04-08/05:30:00,2023-04-09/14:15:00,,,1,1,,
2023-04-11/20:00:00,2023-04-13/23:30:00,,partial fpi,1,1,,
2023-04-15/07:00:00,2023-04-17/01:00:00,,partial fpi,1,1,,
2023-04-19/01:00:00,2023-04-20/16:00:00,,,1,1,,
2023-04-22/17:25:00,2023-04-23/06:00:00,,,1,1,,
2023-04-25/11:00:00,2023-04-28/00:00:00,strong foreshock waves,,0,,,
2023-04-30/05:30:00,2023-04-30/13:00:00,,,1,1,,
2023-05-02/23:45:00,2023-05-03/09:00:00,phase 8B,,1,1,,
2023-05-08/03:45:00,2023-05-08/07:50:00,,,1,1,,
2023-05-10/23:40:00,2023-05-11/10:30:00,,,1,1,,
2023-05-13/03:00:00,2023-05-15/11:00:00,strong foreshock waves,,0,,,
2023-05-16/16:00:00,2023-05-18/23:00:00,strong foreshock waves,,0,,,
2023-05-20/06:00:00,2023-05-22/11:00:00,strong foreshock waves,,0,,,
2023-05-23/19:00:00,2023-05-25/21:00:00,strong foreshock waves,,0,,,
2023-05-27/08:00:00,2023-05-29/09:00:00,phase 8C/apogee almost back in +x,,,,,
2023-11-21/15:00:00,2023-11-23/17:00:00,apogee in -x already,no fpi,,,,
2023-11-25/03:00:00,2023-11-27/07:00:00,,no fpi,,,,
2023-11-28/15:00:00,2023-11-30/20:00:00,,no fpi,,,,
2023-12-02/03:00:00,2023-12-04/10:00:00,kinda in the flank,no fpi,,,,
2023-12-05/15:00:00,2023-12-08/01:00:00,,no fpi,,,,
2023-12-09/03:00:00,2023-12-11/14:00:00,,no fpi,,,,
2023-12-12/15:00:00,2023-12-15/03:00:00,Phase 9A,no fpi,,,,
2023-12-16/03:00:00,2023-12-18/17:00:00,,no fpi,,,,
2023-12-19/15:00:00,2023-12-22/05:00:00,,no fpi,,,,
2023-12-23/04:00:00,2023-12-25/17:00:00,,,,,,
2023-12-26/16:53:00,2023-12-29/06:43:30,,,,,,
2023-12-30/05:00:00,2023-12-31/23:59:59,phase 9B,,,,,