start,end,,
2022-12-30/14:30:50,2023-01-02/02:01:10,,
2023-01-03/04:00:30,2023-01-05/16:24:55,,
2023-01-06/19:55:15,2023-01-09/04:18:45,,
2023-01-10/02:08:30,2023-01-12/20:07:55,,
2023-01-13/15:42:40,2023-01-16/06:59:50,,
2023-01-17/03:40:00,2023-01-19/17:05:30,,
2023-01-20/16:54:15,2023-01-23/06:35:00,,
2023-01-24/03:00:00,2023-01-26/21:24:55,,
2023-01-27/18:11:30,2023-01-30/11:43:45,,
2023-01-31/03:00:00,2023-02-02/20:00:00,,
2023-02-03/16:00:00,2023-02-06/12:23:20,,
2023-02-07/04:00:00,2023-02-09/22:19:15,,
2023-02-10/16:00:00,2023-02-13/12:34:35,,
2023-02-14/04:00:00,2023-02-16/20:51:30,,
2023-02-17/17:00:00,2023-02-20/12:00:00,,no fpi
2023-02-21/05:00:00,2023-02-24/01:00:00,,
2023-02-24/17:00:00,2023-02-27/14:51:45,,
2023-02-28/05:04:15,2023-03-03/00:00:00,,
2023-03-03/17:34:00,2023-03-06/13:42:00,,
2023-03-07/06:00:00,2023-03-10/00:55:00,,
2023-03-10/19:53:25,2023-03-13/12:34:00,,
2023-03-14/06:20:00,2023-03-17/00:00:00,,
2023-03-17/18:00:00,2023-03-20/13:17:00,,
2023-03-21/07:00:00,2023-03-24/02:01:10,,
2023-03-24/18:49:10,2023-03-27/13:00:00,,
2023-03-28/06:00:00,2023-03-31/00:29:05,,
2023-03-31/20:33:00,2023-04-03/14:58:45,,
2023-04-04/08:10:00,2023-04-07/02:54:30,,
2023-04-07/21:40:15,2023-04-10/15:34:15,,
2023-04-11/09:00:00,2023-04-14/01:00:00,,partial fpi
2023-04-14/22:00:00,2023-04-17/11:28:30,,partial fpi
2023-04-18/13:00:00,2023-04-21/02:29:40,,
2023-04-21/23:00:00,2023-04-24/14:23:13,,
2023-04-25/11:00:00,2023-04-28/00:00:00,,
2023-04-29/00:00:00,2023-05-01/12:00:00,,
2023-05-02/12:00:00,2023-05-05/00:00:00,phase 8B,
2023-05-06/01:00:00,2023-05-08/17:02:00,,
2023-05-09/14:00:00,2023-05-11/23:00:00,,
2023-05-13/03:00:00,2023-05-15/11:00:00,,
2023-05-16/16:00:00,2023-05-18/23:00:00,,
2023-05-20/06:00:00,2023-05-22/11:00:00,,
2023-05-23/19:00:00,2023-05-25/21:00:00,,
2023-05-27/08:00:00,2023-05-29/09:00:00,phase 8C/apogee almost back in +x,
2023-11-21/15:00:00,2023-11-23/17:00:00,apogee in -x already,no fpi
2023-11-25/03:00:00,2023-11-27/07:00:00,,no fpi
2023-11-28/15:00:00,2023-11-30/20:00:00,,no fpi
2023-12-02/03:00:00,2023-12-04/10:00:00,kinda in the flank,no fpi
2023-12-05/15:00:00,2023-12-08/01:00:00,,no fpi
2023-12-09/03:00:00,2023-12-11/14:00:00,,no fpi
2023-12-12/15:00:00,2023-12-15/03:00:00,Phase 9A,no fpi
2023-12-16/03:00:00,2023-12-18/17:00:00,,no fpi
2023-12-19/15:00:00,2023-12-22/05:00:00,,no fpi
2023-12-23/04:00:00,2023-12-25/17:00:00,,
2023-12-26/16:53:00,2023-12-29/06:43:30,,
2023-12-30/05:00:00,2023-12-31/23:59:59,phase 9B,