start,end,comment 1,comment 2,"selected (1: Yes, 2: Maybe)"
2022-12-30/18:00:00,2023-01-02/02:01:10,,,1.0
2023-01-07/07:15:15,2023-01-09/04:18:45,,,1.0
2023-01-10/04:20:30,2023-01-12/18:05:55,,,1.0
2023-01-14/01:45:40,2023-01-15/19:15:50,,,1.0
2023-01-18/08:00:00,2023-01-19/07:00:30,,,2.0
2023-01-20/17:40:15,2023-01-23/02:00:00,,,1.0
2023-01-24/06:30:00,2023-01-26/19:30:55,,,1.0
2023-01-28/00:00:30,2023-01-30/00:00:45,,,1.0
2023-01-31/22:50:00,2023-02-01/16:00:00,,,2.0
2023-02-01/21:50:00,2023-02-02/17:00:00,,,2.0
2023-02-04/05:30:00,2023-02-05/16:15:20,,,1.0
2023-02-07/07:00:00,2023-02-09/18:30:15,,,1.0
2023-02-10/19:00:00,2023-02-13/00:00:00,,,1.0
2023-02-15/05:30:00,2023-02-15/22:00:30,,,1.0
2023-02-18/04:00:00,2023-02-19/19:30:00,,no fpi,1.0
2023-02-22/02:30:00,2023-02-22/20:00:00,,,1.0
2023-02-28/23:30:15,2023-03-01/09:00:00,,,1.0
2023-03-04/08:00:00,2023-03-06/00:00:00,,,1.0
2023-03-08/13:00:00,2023-03-09/04:30:00,,,1.0
2023-03-10/21:40:00,2023-03-12/04:00:00,,,1.0
2023-03-14/11:30:00,2023-03-15/04:00:00,,,1.0
2023-03-15/12:45:00,2023-03-16/00:00:00,,,1.0
2023-03-19/02:30:00,2023-03-20/02:00:00,,,1.0
2023-03-21/23:15:00,2023-03-22/20:40:00,,,1.0
2023-03-28/11:30:00,2023-03-28/21:30:00,,,1.0
2023-03-29/16:30:00,2023-03-29/22:45:00,,,1.0
2023-04-01/00:30:00,2023-04-02/19:30:00,,,1.0
2023-04-05/01:40:00,2023-04-06/12:00:00,Need to exclude a foreshock wave period,,1.0
2023-04-08/05:30:00,2023-04-09/14:15:00,,,1.0
2023-04-11/20:00:00,2023-04-13/23:30:00,,partial fpi,1.0
2023-04-15/07:00:00,2023-04-17/01:00:00,,partial fpi,1.0
2023-04-19/01:00:00,2023-04-20/16:00:00,,,1.0
2023-04-22/17:25:00,2023-04-23/06:00:00,,,1.0
2023-04-30/05:30:00,2023-04-30/13:00:00,,,1.0
2023-05-02/23:45:00,2023-05-03/09:00:00,phase 8B,,1.0
2023-05-08/03:45:00,2023-05-08/07:50:00,,,1.0
2023-05-10/23:40:00,2023-05-11/10:30:00,,,1.0
