Start Time,End Time
2022-12-30 18:00:03.143815,2022-12-31 05:49:38.074757
2022-12-31 19:16:02.414878,2023-01-01 00:14:37.087385
2023-01-01 17:26:01.050235,2023-01-02 02:01:07.343784
2023-01-07 20:10:54.736297,2023-01-08 01:09:38.404576
2023-01-08 18:16:00.998742,2023-01-09 04:18:43.337832
2023-01-10 04:20:30.193784,2023-01-10 18:19:36.679752
2023-01-11 08:20:56.713773,2023-01-11 13:19:35.880345
2023-01-12 06:35:54.743555,2023-01-12 18:05:50.641194
2023-01-14 01:45:41.041337,2023-01-14 06:29:38.207908
2023-01-14 20:46:10.209111,2023-01-15 01:44:40.372789
2023-01-15 19:01:09.881541,2023-01-15 19:15:47.388566
2023-01-18 09:16:01.407352,2023-01-18 14:14:54.089674
2023-01-20 17:40:17.480842,2023-01-21 06:44:52.469617
2023-01-21 21:21:06.476805,2023-01-22 02:19:54.658924
2023-01-22 19:46:05.806054,2023-01-23 01:59:58.525721
2023-01-24 06:30:03.290930,2023-01-24 19:04:56.256397
2023-01-25 09:51:14.005408,2023-01-25 14:49:57.684761
2023-01-26 08:06:05.251199,2023-01-26 19:30:50.671318
2023-01-28 00:00:30.718693,2023-01-28 07:24:53.495334
2023-01-28 22:21:08.865172,2023-01-29 03:19:57.044533
2023-01-29 20:06:11.542840,2023-01-30 00:00:43.182236
2023-02-01 10:31:10.077537,2023-02-01 15:29:58.256427
2023-02-02 08:26:04.604168,2023-02-02 16:59:58.913107
2023-02-04 05:30:03.560052,2023-02-04 07:39:57.641650
2023-02-04 23:01:18.146209,2023-02-05 03:59:57.322883
2023-02-07 07:00:02.672837,2023-02-07 19:50:00.137880
2023-02-08 11:16:07.443900,2023-02-08 16:15:00.117515
2023-02-09 09:01:14.960263,2023-02-09 18:30:12.295992
2023-02-10 19:00:02.700742,2023-02-11 08:05:00.181147
2023-02-11 23:21:12.822607,2023-02-12 04:20:00.993338
2023-02-12 20:46:21.722420,2023-02-12 23:59:56.331968
2023-02-15 11:46:04.584264,2023-02-15 16:45:01.753682
2023-02-18 04:00:03.488012,2023-02-18 08:15:03.641519
2023-02-19 00:21:11.794054,2023-02-19 05:19:59.958618
2023-02-22 12:36:05.268830,2023-02-22 17:35:02.432374
2023-02-28 20:00:02.746025,2023-02-28 20:35:04.265926
2023-03-04 08:00:01.513937,2023-03-04 09:55:04.576886
2023-03-05 01:06:15.555366,2023-03-05 06:05:03.706520
2023-03-05 22:36:08.743037,2023-03-05 23:59:59.784762
2023-03-08 13:21:13.160418,2023-03-08 18:20:05.807510
2023-03-10 21:40:04.078107,2023-03-10 22:24:55.101302
2023-03-11 00:34:44.377881,2023-03-11 10:10:08.690408
2023-03-12 01:51:26.137594,2023-03-12 03:59:59.204397
2023-03-14 11:30:03.773092,2023-03-14 22:00:04.124474
2023-03-15 13:46:21.712323,2023-03-15 18:45:05.368861
2023-03-19 02:30:02.249842,2023-03-19 07:15:06.898319
2023-03-19 23:11:17.907223,2023-03-20 01:59:58.493838
2023-03-22 10:51:17.210491,2023-03-22 20:39:58.016849
2023-03-28 11:30:03.517124,2023-03-28 18:50:09.748398
2023-03-29 16:30:04.354210,2023-03-29 22:44:55.543604
2023-04-01 00:30:02.066913,2023-04-01 10:45:11.389928
2023-04-02 03:06:22.200521,2023-04-02 08:05:10.342902
2023-04-05 15:26:27.961332,2023-04-05 20:25:11.604114
2023-04-06 11:21:25.841634,2023-04-06 11:59:58.858531
2023-04-08 05:30:01.934114,2023-04-08 10:50:12.595115
2023-04-09 03:36:29.784000,2023-04-09 08:35:13.421260
2023-04-11 20:00:01.664130,2023-04-11 22:50:12.250013
2023-04-12 15:41:22.453636,2023-04-12 20:40:15.089837
2023-04-13 11:16:23.041230,2023-04-13 23:29:57.877256
2023-04-15 07:00:01.716384,2023-04-15 10:55:09.338629
2023-04-16 04:01:36.367758,2023-04-16 09:00:11.013043
2023-04-16 23:36:41.808422,2023-04-17 00:59:56.849077
2023-04-19 12:56:43.262970,2023-04-20 00:55:13.619775
2023-04-20 15:11:44.120621,2023-04-20 15:59:57.642319
2023-04-23 04:46:35.490027,2023-04-23 05:59:56.523855
2023-04-30 05:30:02.241852,2023-04-30 10:25:14.380215
2023-05-02 23:45:00.645938,2023-05-03 01:05:15.686739
2023-05-08 03:45:03.325664,2023-05-08 07:49:55.944092
2023-05-10 22:00:00.166398,2023-05-10 23:30:09.208906
2023-05-11 11:32:04.701361,2023-05-11 11:59:58.712775
